Walmart Burnaby Supercentre,9855 Austin Ave Suite 300 Burnaby,(604) 421-0661
Walmart SuperCentre Vancouver,3585 Grandview Hwy Vancouver,(604) 435-6905
Walmart Surrey West Supercentre,12451 88 Ave Surrey,(604) 597-7117
Walmart New Westminster Supercentre,805 Boyd St New Westminster,(604) 524-1291
Walmart,1000 Guildford Town Centre Surrey,(604) 581-1932
Walmart Port Coquitlam Supercentre,2150 Hawkins Street Port Coquitlam,(604) 472-1225
Best Buy,4805 Kingsway Burnaby,(778) 452-2250
Best Buy,2220 Cambie St Vancouver,(604) 638-4966
Best Buy,5300 No 3 Rd Richmond,(604) 273-7335
Best Buy,10025 King George Blvd Surrey,(604) 580-7788
Best Buy,1135 Pinetree Way Coquitlam,(604) 468-5500
Costco Wholesale,605 Expo Blvd Vancouver,(604) 622-5050
Costco Wholesale,4500 Still Creek Dr Burnaby,(604) 296-5100
Costco Wholesale,3550 Brighton Ave Burnaby,(604) 420-2668
Costco Wholesale,9151 Bridgeport Rd Richmond,(604) 270-3647
Costco Wholesale,7423 King George Hwy Surrey,(604) 596-7435
Costco Wholesale,2370 Ottawa St Port Coquitlam,(604) 552-2228
Costco Wholesale,20499 64 Ave Langley,(604) 539-8900
Real Canadian Superstore,3185 Grandview Hwy Vancouver,(604) 436-6407
Real Canadian Superstore,350 S.E. Marine Dr Vancouver,(604) 322-3702
Real Canadian Superstore,4651 No. 3 Road Richmond,(604) 233-2418
Real Canadian Superstore,14650 - 104th Avenue Surrey,(604) 587-8518
Real Canadian Superstore,333 Seymour Blvd. North Vancouver,(604) 904-5537
Real Canadian Superstore,19851 Willowbrook Dr Langley,(604) 532-5427
Real Canadian Superstore,8195 - 120th Street Delta,(604) 592-5218